<?xml version='1.0' encoding='UTF-8' standalone='no'?>
<doxygen xmlns:xsi="http://www.w3.org/2001/XMLSchema-instance" xsi:noNamespaceSchemaLocation="compound.xsd" version="1.8.13">
  <compounddef id="_r_e_a_d_m_e_8md" kind="file" language="Markdown">
    <compoundname>README.md</compoundname>
    <briefdescription>
    </briefdescription>
    <detaileddescription>
    </detaileddescription>
    <programlisting>
<codeline><highlight class="normal">#<sp/>EDALaberinto</highlight></codeline>
<codeline><highlight class="normal">Laberinto<sp/>para<sp/>EDA,<sp/>en<sp/>C</highlight></codeline>
    </programlisting>
    <location file="README.md"/>
  </compounddef>
</doxygen>
