<?xml version='1.0' encoding='UTF-8' standalone='no'?>
<doxygenindex xmlns:xsi="http://www.w3.org/2001/XMLSchema-instance" xsi:noNamespaceSchemaLocation="index.xsd" version="1.8.13">
  <compound refid="structlaberinto" kind="struct"><name>laberinto</name>
    <member refid="structlaberinto_1a7722c8ecbb62d99aee7ce68b1752f337" kind="variable"><name>N</name></member>
    <member refid="structlaberinto_1a5e78dbd5fd0fc01ba7b98dd15e27221e" kind="variable"><name>M</name></member>
    <member refid="structlaberinto_1af70663788ca461be234f7d6cec44010f" kind="variable"><name>matrizLaberinto</name></member>
    <member refid="structlaberinto_1a08b75af3aa7f530179ca64df86da82f5" kind="variable"><name>matrizEntradaLlave</name></member>
    <member refid="structlaberinto_1a286a56e3e2bc0c37a3299e423620ecc4" kind="variable"><name>matrizLlaveSalida</name></member>
    <member refid="structlaberinto_1af3fd638640f5ce60bca8e19f36a4d773" kind="variable"><name>contCaminoMinimo</name></member>
    <member refid="structlaberinto_1a6caeade80fbd9a0ede53ac9ded0655f9" kind="variable"><name>contCaminoMinimoLlave</name></member>
    <member refid="structlaberinto_1a920aefd4f2182c2bd0e12d1e88d8789f" kind="variable"><name>contCaminoMinimoSalida</name></member>
  </compound>
  <compound refid="struct_lista" kind="struct"><name>Lista</name>
    <member refid="struct_lista_1a33e295a1bffa3a6eda0ba9ec8ef077bb" kind="variable"><name>dato</name></member>
    <member refid="struct_lista_1a9e247b873a7a801f0b584e6dd8b5f4b0" kind="variable"><name>siguiente</name></member>
  </compound>
  <compound refid="_laberinto_lab1_8c" kind="file"><name>LaberintoLab1.c</name>
    <member refid="_laberinto_lab1_8c_1a76f3f41704b017cd5003628dd0bc366b" kind="define"><name>DEBUG2</name></member>
    <member refid="_laberinto_lab1_8c_1aa8cecfc5c5c054d2875c03e77b7be15d" kind="define"><name>TRUE</name></member>
    <member refid="_laberinto_lab1_8c_1aa93f0eb578d23995850d61f7d61c55c1" kind="define"><name>FALSE</name></member>
    <member refid="_laberinto_lab1_8c_1a4a6636127eb763c8ee5fdb629a93a5cb" kind="define"><name>LLAVE</name></member>
    <member refid="_laberinto_lab1_8c_1a180bb04c74aa394e9c1eab5d26506c2b" kind="define"><name>SALIDA</name></member>
    <member refid="_laberinto_lab1_8c_1a0188a81d46c907d75e955e524ce6cabd" kind="typedef"><name>Laberinto</name></member>
    <member refid="_laberinto_lab1_8c_1ac662e90f3c47008dde69d05b3caf6245" kind="function"><name>obtenerMatrizLaberinto</name></member>
    <member refid="_laberinto_lab1_8c_1a4ecac1334f5683b60b66f9364b3eeb3d" kind="function"><name>guardarDatosLaberinto</name></member>
    <member refid="_laberinto_lab1_8c_1ac7e86ad92a8e069d7cd0028764a013f2" kind="function"><name>leerArchivo</name></member>
    <member refid="_laberinto_lab1_8c_1a04a1c57c71d91a89c1ef248217f0e312" kind="function"><name>obtenerDatosLaberinto</name></member>
    <member refid="_laberinto_lab1_8c_1a3fefaec6bf432b730c09b62930d9af5b" kind="function"><name>recorrerLaberinto</name></member>
    <member refid="_laberinto_lab1_8c_1a1bd656c50b844d8d9b6e0646a70fec83" kind="function"><name>mostrarEstadoLaberinto</name></member>
    <member refid="_laberinto_lab1_8c_1a99790f0357a80937eec0822ab006338d" kind="function"><name>buscarPuerta</name></member>
    <member refid="_laberinto_lab1_8c_1a8c3fb0a900542f534e432cbc70a0802b" kind="function"><name>obtenerMatrizTemporal</name></member>
    <member refid="_laberinto_lab1_8c_1a56f638399cfa10bbb1d7a377c1848acc" kind="function"><name>direccionarLaberinto</name></member>
    <member refid="_laberinto_lab1_8c_1a3bfce3a8c5a330dbe8da067e6dd4569d" kind="function"><name>escribirLaberinto</name></member>
    <member refid="_laberinto_lab1_8c_1abf9e6b7e6f15df4b525a2e7705ba3089" kind="function"><name>main</name></member>
  </compound>
  <compound refid="_laberinto_lab2_8c" kind="file"><name>LaberintoLab2.c</name>
    <member refid="_laberinto_lab2_8c_1aa8cecfc5c5c054d2875c03e77b7be15d" kind="define"><name>TRUE</name></member>
    <member refid="_laberinto_lab2_8c_1aa93f0eb578d23995850d61f7d61c55c1" kind="define"><name>FALSE</name></member>
    <member refid="_laberinto_lab2_8c_1a4a6636127eb763c8ee5fdb629a93a5cb" kind="define"><name>LLAVE</name></member>
    <member refid="_laberinto_lab2_8c_1a180bb04c74aa394e9c1eab5d26506c2b" kind="define"><name>SALIDA</name></member>
    <member refid="_laberinto_lab2_8c_1adadf890a5c41d15b89e2c18eb399d4f8" kind="define"><name>ARRIBA</name></member>
    <member refid="_laberinto_lab2_8c_1a0afc8a4ca8029ca14ce7ebb75a2860ea" kind="define"><name>ABAJO</name></member>
    <member refid="_laberinto_lab2_8c_1ad9ef6961fb41b000be06f50ff545f55d" kind="define"><name>IZQUIERDA</name></member>
    <member refid="_laberinto_lab2_8c_1aabf9c516001d8e5c7c9e593e5a25d249" kind="define"><name>DERECHA</name></member>
    <member refid="_laberinto_lab2_8c_1aff39c14fc6302e91a1406b294d26baf5" kind="typedef"><name>Lista</name></member>
    <member refid="_laberinto_lab2_8c_1ade89ee5830d53413ed2e80dc0abae412" kind="typedef"><name>Laberinto</name></member>
    <member refid="_laberinto_lab2_8c_1a77afe8d666bb6e03cc591977e9ce04da" kind="function"><name>leerArchivo</name></member>
    <member refid="_laberinto_lab2_8c_1a3391c0d19344cb7ebce128b1ec142860" kind="function"><name>obtenerMatrizLaberinto</name></member>
    <member refid="_laberinto_lab2_8c_1a23a66ae25e52c87985a116c15d5061fa" kind="function"><name>guardarDatosLaberinto</name></member>
    <member refid="_laberinto_lab2_8c_1a3fefaec6bf432b730c09b62930d9af5b" kind="function"><name>recorrerLaberinto</name></member>
    <member refid="_laberinto_lab2_8c_1a99790f0357a80937eec0822ab006338d" kind="function"><name>buscarPuerta</name></member>
    <member refid="_laberinto_lab2_8c_1a25055da733f998b78e94b610748df1b7" kind="function"><name>obtenerMatrizTemporal</name></member>
    <member refid="_laberinto_lab2_8c_1a56f638399cfa10bbb1d7a377c1848acc" kind="function"><name>direccionarLaberinto</name></member>
    <member refid="_laberinto_lab2_8c_1aa305db9c79f445397b6bfbc2631ce1ac" kind="function"><name>conCamino</name></member>
    <member refid="_laberinto_lab2_8c_1a8cf779c97c25c8fea676cf5257c53cb8" kind="function"><name>guardarCaminoMin</name></member>
    <member refid="_laberinto_lab2_8c_1a17cb53b9998c355cde7838c47578c207" kind="function"><name>buscarPosiciones</name></member>
    <member refid="_laberinto_lab2_8c_1afaf6226a181d898022525cce72d6693d" kind="function"><name>guardarDireccion</name></member>
    <member refid="_laberinto_lab2_8c_1a3bfce3a8c5a330dbe8da067e6dd4569d" kind="function"><name>escribirLaberinto</name></member>
    <member refid="_laberinto_lab2_8c_1a57553dbb0dad389043a8cee687f29e56" kind="function"><name>escribirPasos</name></member>
    <member refid="_laberinto_lab2_8c_1aedf5a4d3c1b0992a3541052b904ee1b9" kind="function"><name>crearNodo</name></member>
    <member refid="_laberinto_lab2_8c_1a2b39a9e1feec8d2fb0f2689eb7e1e0c3" kind="function"><name>InsertarFinal</name></member>
    <member refid="_laberinto_lab2_8c_1ad649e2661f856d79eb7f4fe18335d50a" kind="function"><name>obtener</name></member>
    <member refid="_laberinto_lab2_8c_1ab9600fc7f869616aa530dd97baf49889" kind="function"><name>largo</name></member>
    <member refid="_laberinto_lab2_8c_1abf9e6b7e6f15df4b525a2e7705ba3089" kind="function"><name>main</name></member>
  </compound>
  <compound refid="_r_e_a_d_m_e_8md" kind="file"><name>README.md</name>
  </compound>
  <compound refid="md__r_e_a_d_m_e" kind="page"><name>md_README</name>
  </compound>
</doxygenindex>
