<?xml version='1.0' encoding='UTF-8' standalone='no'?>
<doxygen xmlns:xsi="http://www.w3.org/2001/XMLSchema-instance" xsi:noNamespaceSchemaLocation="compound.xsd" version="1.8.13">
  <compounddef id="structlaberinto" kind="struct" language="C++" prot="public">
    <compoundname>laberinto</compoundname>
      <sectiondef kind="public-attrib">
      <memberdef kind="variable" id="structlaberinto_1a7722c8ecbb62d99aee7ce68b1752f337" prot="public" static="no" mutable="no">
        <type>int</type>
        <definition>int N</definition>
        <argsstring></argsstring>
        <name>N</name>
        <briefdescription>
        </briefdescription>
        <detaileddescription>
        </detaileddescription>
        <inbodydescription>
        </inbodydescription>
        <location file="LaberintoLab1.c" line="15" column="1" bodyfile="LaberintoLab1.c" bodystart="15" bodyend="-1"/>
      </memberdef>
      <memberdef kind="variable" id="structlaberinto_1a5e78dbd5fd0fc01ba7b98dd15e27221e" prot="public" static="no" mutable="no">
        <type>int</type>
        <definition>int M</definition>
        <argsstring></argsstring>
        <name>M</name>
        <briefdescription>
        </briefdescription>
        <detaileddescription>
        </detaileddescription>
        <inbodydescription>
        </inbodydescription>
        <location file="LaberintoLab1.c" line="16" column="1" bodyfile="LaberintoLab1.c" bodystart="16" bodyend="-1"/>
      </memberdef>
      <memberdef kind="variable" id="structlaberinto_1af70663788ca461be234f7d6cec44010f" prot="public" static="no" mutable="no">
        <type>int **</type>
        <definition>int ** matrizLaberinto</definition>
        <argsstring></argsstring>
        <name>matrizLaberinto</name>
        <briefdescription>
        </briefdescription>
        <detaileddescription>
        </detaileddescription>
        <inbodydescription>
        </inbodydescription>
        <location file="LaberintoLab1.c" line="17" column="1" bodyfile="LaberintoLab1.c" bodystart="17" bodyend="-1"/>
      </memberdef>
      <memberdef kind="variable" id="structlaberinto_1a08b75af3aa7f530179ca64df86da82f5" prot="public" static="no" mutable="no">
        <type>int **</type>
        <definition>int ** matrizEntradaLlave</definition>
        <argsstring></argsstring>
        <name>matrizEntradaLlave</name>
        <briefdescription>
        </briefdescription>
        <detaileddescription>
        </detaileddescription>
        <inbodydescription>
        </inbodydescription>
        <location file="LaberintoLab1.c" line="18" column="1" bodyfile="LaberintoLab1.c" bodystart="18" bodyend="-1"/>
      </memberdef>
      <memberdef kind="variable" id="structlaberinto_1a286a56e3e2bc0c37a3299e423620ecc4" prot="public" static="no" mutable="no">
        <type>int **</type>
        <definition>int ** matrizLlaveSalida</definition>
        <argsstring></argsstring>
        <name>matrizLlaveSalida</name>
        <briefdescription>
        </briefdescription>
        <detaileddescription>
        </detaileddescription>
        <inbodydescription>
        </inbodydescription>
        <location file="LaberintoLab1.c" line="19" column="1" bodyfile="LaberintoLab1.c" bodystart="19" bodyend="-1"/>
      </memberdef>
      <memberdef kind="variable" id="structlaberinto_1af3fd638640f5ce60bca8e19f36a4d773" prot="public" static="no" mutable="no">
        <type>int</type>
        <definition>int contCaminoMinimo</definition>
        <argsstring></argsstring>
        <name>contCaminoMinimo</name>
        <briefdescription>
        </briefdescription>
        <detaileddescription>
        </detaileddescription>
        <inbodydescription>
        </inbodydescription>
        <location file="LaberintoLab1.c" line="20" column="1" bodyfile="LaberintoLab1.c" bodystart="20" bodyend="-1"/>
      </memberdef>
      <memberdef kind="variable" id="structlaberinto_1a6caeade80fbd9a0ede53ac9ded0655f9" prot="public" static="no" mutable="no">
        <type>int</type>
        <definition>int contCaminoMinimoLlave</definition>
        <argsstring></argsstring>
        <name>contCaminoMinimoLlave</name>
        <briefdescription>
        </briefdescription>
        <detaileddescription>
        </detaileddescription>
        <inbodydescription>
        </inbodydescription>
        <location file="LaberintoLab2.c" line="60" column="1" bodyfile="LaberintoLab2.c" bodystart="60" bodyend="-1"/>
      </memberdef>
      <memberdef kind="variable" id="structlaberinto_1a920aefd4f2182c2bd0e12d1e88d8789f" prot="public" static="no" mutable="no">
        <type>int</type>
        <definition>int contCaminoMinimoSalida</definition>
        <argsstring></argsstring>
        <name>contCaminoMinimoSalida</name>
        <briefdescription>
        </briefdescription>
        <detaileddescription>
        </detaileddescription>
        <inbodydescription>
        </inbodydescription>
        <location file="LaberintoLab2.c" line="61" column="1" bodyfile="LaberintoLab2.c" bodystart="61" bodyend="-1"/>
      </memberdef>
      </sectiondef>
    <briefdescription>
    </briefdescription>
    <detaileddescription>
    </detaileddescription>
    <location file="LaberintoLab1.c" line="14" column="1" bodyfile="LaberintoLab1.c" bodystart="13" bodyend="21"/>
    <listofallmembers>
      <member refid="structlaberinto_1af3fd638640f5ce60bca8e19f36a4d773" prot="public" virt="non-virtual"><scope>laberinto</scope><name>contCaminoMinimo</name></member>
      <member refid="structlaberinto_1a6caeade80fbd9a0ede53ac9ded0655f9" prot="public" virt="non-virtual"><scope>laberinto</scope><name>contCaminoMinimoLlave</name></member>
      <member refid="structlaberinto_1a920aefd4f2182c2bd0e12d1e88d8789f" prot="public" virt="non-virtual"><scope>laberinto</scope><name>contCaminoMinimoSalida</name></member>
      <member refid="structlaberinto_1a5e78dbd5fd0fc01ba7b98dd15e27221e" prot="public" virt="non-virtual"><scope>laberinto</scope><name>M</name></member>
      <member refid="structlaberinto_1a08b75af3aa7f530179ca64df86da82f5" prot="public" virt="non-virtual"><scope>laberinto</scope><name>matrizEntradaLlave</name></member>
      <member refid="structlaberinto_1af70663788ca461be234f7d6cec44010f" prot="public" virt="non-virtual"><scope>laberinto</scope><name>matrizLaberinto</name></member>
      <member refid="structlaberinto_1a286a56e3e2bc0c37a3299e423620ecc4" prot="public" virt="non-virtual"><scope>laberinto</scope><name>matrizLlaveSalida</name></member>
      <member refid="structlaberinto_1a7722c8ecbb62d99aee7ce68b1752f337" prot="public" virt="non-virtual"><scope>laberinto</scope><name>N</name></member>
    </listofallmembers>
  </compounddef>
</doxygen>
