<?xml version='1.0' encoding='UTF-8' standalone='no'?>
<doxygen xmlns:xsi="http://www.w3.org/2001/XMLSchema-instance" xsi:noNamespaceSchemaLocation="compound.xsd" version="1.8.13">
  <compounddef id="struct_lista" kind="struct" language="C++" prot="public">
    <compoundname>Lista</compoundname>
      <sectiondef kind="public-attrib">
      <memberdef kind="variable" id="struct_lista_1a33e295a1bffa3a6eda0ba9ec8ef077bb" prot="public" static="no" mutable="no">
        <type>int</type>
        <definition>int dato</definition>
        <argsstring></argsstring>
        <name>dato</name>
        <briefdescription>
        </briefdescription>
        <detaileddescription>
        </detaileddescription>
        <inbodydescription>
        </inbodydescription>
        <location file="LaberintoLab2.c" line="36" column="1" bodyfile="LaberintoLab2.c" bodystart="36" bodyend="-1"/>
      </memberdef>
      <memberdef kind="variable" id="struct_lista_1a9e247b873a7a801f0b584e6dd8b5f4b0" prot="public" static="no" mutable="no">
        <type>struct <ref refid="struct_lista" kindref="compound">Lista</ref> *</type>
        <definition>struct Lista* siguiente</definition>
        <argsstring></argsstring>
        <name>siguiente</name>
        <briefdescription>
        </briefdescription>
        <detaileddescription>
        </detaileddescription>
        <inbodydescription>
        </inbodydescription>
        <location file="LaberintoLab2.c" line="37" column="1" bodyfile="LaberintoLab2.c" bodystart="37" bodyend="-1"/>
      </memberdef>
      </sectiondef>
    <briefdescription>
<para>Estructura de <ref refid="struct_lista" kindref="compound">Lista</ref>, recibe un dato(int) y un puntero a la siguiente <ref refid="struct_lista" kindref="compound">Lista</ref>. </para>    </briefdescription>
    <detaileddescription>
<para>Estructura del laberinto. Recibe la cantidad de filas y columnas (N y M respectivamente) Recibe una matriz que contiene el laberinto inicial Recibe una matriz que contiene el laberinto desarrollado desde la entrada hasta la llave. Recibe una matriz que contiene el laberinto desarrollado desde la llave a la salida. Recibe un contador del camino minimo Recibe un contador del camino minimo desde la entrada a la llave Recibe un contador del camino minimo desde la llave a la salida. </para>    </detaileddescription>
    <collaborationgraph>
      <node id="3">
        <label>Lista</label>
        <link refid="struct_lista"/>
        <childnode refid="3" relation="usage">
          <edgelabel>siguiente</edgelabel>
        </childnode>
      </node>
    </collaborationgraph>
    <location file="LaberintoLab2.c" line="35" column="1" bodyfile="LaberintoLab2.c" bodystart="34" bodyend="38"/>
    <listofallmembers>
      <member refid="struct_lista_1a33e295a1bffa3a6eda0ba9ec8ef077bb" prot="public" virt="non-virtual"><scope>Lista</scope><name>dato</name></member>
      <member refid="struct_lista_1a9e247b873a7a801f0b584e6dd8b5f4b0" prot="public" virt="non-virtual"><scope>Lista</scope><name>siguiente</name></member>
    </listofallmembers>
  </compounddef>
</doxygen>
